use connect-amm;

INSERT INTO assay_type(assaytype_id, active_flag, assay_type, assay_version, workflow_def_file, workflow_file_version,companyid) VALUES(1,'Y','NIPTHTP','V1','NIPTHTP_Wfm_v1.bpmn.xml','V1',1);

INSERT INTO sample_type(sampletype_id, active_flag, max_age_days, sample_type, assaytype_id, assay_type,companyid) VALUES (1, 'Y', 7, 'Plasma', 1, 'NIPTHTP',1);

INSERT INTO device_test_options(device_test_option_id, active_flag, device_type, test_name, test_protocol, assaytype_id, assay_type, process_step_name, test_option_id,companyid) VALUES (1, 'Y', 'MP24', 'Harmony', 'Cfna ss 2000', 1, 'NIPTHTP', 'NA Extraction',1,1);
INSERT INTO device_test_options(device_test_option_id, active_flag, device_type, test_name, test_protocol, assaytype_id, assay_type, process_step_name, test_option_id,companyid) VALUES (2, 'Y', 'MP24', 'SCAP', 'Cfna ss 2000', 1, 'NIPTHTP', 'NA Extraction',2,1);
INSERT INTO device_test_options(device_test_option_id, active_flag, device_type, test_name, test_protocol, assaytype_id, assay_type, process_step_name, test_option_id,companyid) VALUES (3, 'Y', 'MP24', 'Fetal Sex', 'Cfna ss 2000', 1, 'NIPTHTP', 'NA Extraction',3,1);
INSERT INTO device_test_options(device_test_option_id, active_flag, device_type, test_name, test_protocol, assaytype_id, assay_type, process_step_name, test_option_id,companyid) VALUES (4, 'Y', 'MP24', 'MX', 'Cfna ss 2000', 1, 'NIPTHTP', 'NA Extraction',4,1);
--INSERT INTO device_test_options(device_test_option_id, active_flag, device_type, test_name, test_protocol, assaytype_id, assay_type, process_step_name, test_option_id,companyid) VALUES (5, 'Y', 'LP24', 'Harmony', 'LP24 Protocol', 1, 'NIPTHTP','LP Pre PCR',1,1);
--INSERT INTO device_test_options(device_test_option_id, active_flag, device_type, test_name, test_protocol, assaytype_id, assay_type, process_step_name, test_option_id,companyid) VALUES (6, 'Y', 'LP24', 'SCAP', 'LP24 Protocol', 1, 'NIPTHTP','LP Post PCR/Pooling',2,1);
--INSERT INTO device_test_options(device_test_option_id, active_flag, device_type, test_name, test_protocol, assaytype_id, assay_type, process_step_name, test_option_id,companyid) VALUES (7, 'Y', 'LP24', 'Fetal Sex', 'LP24 Protocol', 1, 'NIPTHTP','LP Sequencing prep',3,1);
--INSERT INTO device_test_options(device_test_option_id, active_flag, device_type, test_name, test_protocol, assaytype_id, assay_type, process_step_name, test_option_id,companyid) VALUES (8, 'Y', 'LP24', 'MX', 'LP24 Protocol', 1, 'NIPTHTP','',4,1);
INSERT INTO device_test_options(device_test_option_id, active_flag, device_type, test_name, test_protocol, assaytype_id, assay_type, process_step_name, test_option_id,companyid) VALUES (5, 'Y', 'LP24', 'Harmony', 'LP PrePCR Protocol', 1, 'NIPTHTP','LP Pre PCR',1,1);
INSERT INTO device_test_options(device_test_option_id, active_flag, device_type, test_name, test_protocol, assaytype_id, assay_type, process_step_name, test_option_id,companyid) VALUES (6, 'Y', 'LP24', 'SCAP', 'LP PrePCR Protocol', 1, 'NIPTHTP','LP Pre PCR',2,1);
INSERT INTO device_test_options(device_test_option_id, active_flag, device_type, test_name, test_protocol, assaytype_id, assay_type, process_step_name, test_option_id,companyid) VALUES (7, 'Y', 'LP24', 'Fetal Sex', 'LP PrePCR Protocol', 1, 'NIPTHTP','LP Pre PCR',3,1);
INSERT INTO device_test_options(device_test_option_id, active_flag, device_type, test_name, test_protocol, assaytype_id, assay_type, process_step_name, test_option_id,companyid) VALUES (8, 'Y', 'LP24', 'MX', 'LP PrePCR Protocol', 1, 'NIPTHTP','LP Pre PCR',4,1);
INSERT INTO device_test_options(device_test_option_id, active_flag, device_type, test_name, test_protocol, assaytype_id, assay_type, process_step_name, test_option_id,companyid) VALUES (9, 'Y', 'LP24', 'Harmony', 'LP PostPCR Protocol', 1, 'NIPTHTP','LP Post PCR/Pooling',1,1);
INSERT INTO device_test_options(device_test_option_id, active_flag, device_type, test_name, test_protocol, assaytype_id, assay_type, process_step_name, test_option_id,companyid) VALUES (10, 'Y', 'LP24', 'SCAP', 'LP PostPCR Protocol', 1, 'NIPTHTP','LP Post PCR/Pooling',2,1);
INSERT INTO device_test_options(device_test_option_id, active_flag, device_type, test_name, test_protocol, assaytype_id, assay_type, process_step_name, test_option_id,companyid) VALUES (11, 'Y', 'LP24', 'Fetal Sex', 'LP PostPCR Protocol', 1, 'NIPTHTP','LP Post PCR/Pooling',3,1);
INSERT INTO device_test_options(device_test_option_id, active_flag, device_type, test_name, test_protocol, assaytype_id, assay_type, process_step_name, test_option_id,companyid) VALUES (12, 'Y', 'LP24', 'MX', 'LP PostPCR Protocol', 1, 'NIPTHTP','LP Post PCR/Pooling',4,1);
INSERT INTO device_test_options(device_test_option_id, active_flag, device_type, test_name, test_protocol, assaytype_id, assay_type, process_step_name, test_option_id,companyid) VALUES (13, 'Y', 'LP24', 'Harmony', 'LP SeqPREP Protocol', 1, 'NIPTHTP','LP Sequencing Prep',1,1);
INSERT INTO device_test_options(device_test_option_id, active_flag, device_type, test_name, test_protocol, assaytype_id, assay_type, process_step_name, test_option_id,companyid) VALUES (14, 'Y', 'LP24', 'SCAP', 'LP SeqPREP Protocol', 1, 'NIPTHTP','LP Sequencing Prep',2,1);
INSERT INTO device_test_options(device_test_option_id, active_flag, device_type, test_name, test_protocol, assaytype_id, assay_type, process_step_name, test_option_id,companyid) VALUES (15, 'Y', 'LP24', 'Fetal Sex', 'LP SeqPREP Protocol', 1, 'NIPTHTP','LP Sequencing Prep',3,1);
INSERT INTO device_test_options(device_test_option_id, active_flag, device_type, test_name, test_protocol, assaytype_id, assay_type, process_step_name, test_option_id,companyid) VALUES (16, 'Y', 'LP24', 'MX', 'LP SeqPREP Protocol', 1, 'NIPTHTP','LP Sequencing Prep',4,1);
INSERT INTO device_test_options(device_test_option_id, active_flag, device_type, test_name, test_protocol, assaytype_id, assay_type, process_step_name, test_option_id,companyid) VALUES (17, 'Y', 'HTP', 'Harmony', 'HTP Protocol', 1, 'NIPTHTP','Sequencing',1,1);
INSERT INTO device_test_options(device_test_option_id, active_flag, device_type, test_name, test_protocol, assaytype_id, assay_type, process_step_name, test_option_id,companyid) VALUES (18, 'Y', 'HTP', 'SCAP', 'HTP Protocol', 1, 'NIPTHTP','Sequencing',2,1);
INSERT INTO device_test_options(device_test_option_id, active_flag, device_type, test_name, test_protocol, assaytype_id, assay_type, process_step_name, test_option_id,companyid) VALUES (19, 'Y', 'HTP', 'Fetal Sex', 'HTP Protocol', 1, 'NIPTHTP','Sequencing',3,1);
INSERT INTO device_test_options(device_test_option_id, active_flag, device_type, test_name, test_protocol, assaytype_id, assay_type, process_step_name, test_option_id,companyid) VALUES (20, 'Y', 'HTP', 'MX', 'HTP Protocol', 1, 'NIPTHTP','Sequencing',4,1);

INSERT INTO test_options(test_option_id, active_flag, sequence_id, test_name,test_description, assaytype_id, assay_type,companyid) VALUES (1, 'Y', 1, 'Harmony', 'Harmony', 1, 'NIPTHTP',1);
INSERT INTO test_options(test_option_id, active_flag, sequence_id, test_name,test_description, assaytype_id, assay_type,companyid) VALUES (2, 'Y', 2, 'SCAP', 'SCAP', 1, 'NIPTHTP',1);
INSERT INTO test_options(test_option_id, active_flag, sequence_id, test_name,test_description, assaytype_id, assay_type,companyid) VALUES (3, 'Y', 3, 'FetalSex', 'Fetal Sex', 1, 'NIPTHTP',1);
INSERT INTO test_options(test_option_id, active_flag, sequence_id, test_name,test_description, assaytype_id, assay_type,companyid) VALUES (4, 'Y', 4, 'MX', 'MX', 1, 'NIPTHTP',1);

INSERT INTO process_step_action(proc_step_action_id, active_flag, device_type, manual_verification_flag,process_step_seq,process_step_name,assaytype_id, assay_type,input_container_type, output_container_type,sample_volume,eluate_volume,companyid) VALUES (1, 'Y','MP24', 'Y',1,'NA Extraction', 1, 'NIPTHTP','Plasma tube','8-tube strip',200,100,1);
INSERT INTO process_step_action(proc_step_action_id, active_flag, device_type, manual_verification_flag,process_step_seq,process_step_name, assaytype_id, assay_type,input_container_type, output_container_type,sample_volume,eluate_volume,companyid) VALUES (2, 'Y', 'LP24', 'Y',2,'LP Pre PCR', 1, 'NIPTHTP','8-tube strip','PCR plate',100,50,1);
INSERT INTO process_step_action(proc_step_action_id, active_flag, device_type, manual_verification_flag,process_step_seq,process_step_name, assaytype_id, assay_type,input_container_type, output_container_type,sample_volume,eluate_volume,companyid) VALUES (3, 'Y', 'LP24', 'Y',3,'LP Post PCR/Pooling', 1, 'NIPTHTP','PCR plate','PCR plate','','',1);
INSERT INTO process_step_action(proc_step_action_id, active_flag, device_type, manual_verification_flag,process_step_seq,process_step_name, assaytype_id, assay_type,input_container_type, output_container_type,sample_volume,eluate_volume,companyid) VALUES (4, 'Y', 'LP24', 'Y',4,'LP Sequencing Prep', 1, 'NIPTHTP','PCR plate','Pool tube','','',1);
INSERT INTO process_step_action(proc_step_action_id, active_flag, device_type, manual_verification_flag,process_step_seq,process_step_name, assaytype_id, assay_type,input_container_type, output_container_type,sample_volume,eluate_volume,companyid) VALUES (5, 'Y', 'HTP', 'Y',5,'Sequencing', 1, 'NIPTHTP','Pool tube','File path','','',1);
INSERT INTO process_step_action(proc_step_action_id, active_flag,device_type, manual_verification_flag,process_step_seq,process_step_name, assaytype_id, assay_type,input_container_type, output_container_type,sample_volume,eluate_volume,companyid) VALUES (6, 'Y', 'FORTE', 'Y',6,'Analysis', 1, 'NIPTHTP','Sequencing run directory','Analysis output directory','','',1);

INSERT INTO assay_data_validations(assay_validation_id, active_flag, expression, field_name, max_val, min_val, assaytype_id, assay_type,companyid,group_name,is_mandatory) VALUES (1, 'Y', 'NA', 'Maternal Age', 100, 0, 1, 'NIPTHTP',1,'data validation','NA');
INSERT INTO assay_data_validations(assay_validation_id, active_flag, expression, field_name, max_val, min_val, assaytype_id, assay_type,companyid,group_name,is_mandatory) VALUES (2, 'Y', 'NA', 'Gestational Age Weeks', 40, 10, 1, 'NIPTHTP',1,'data validation','NA');
INSERT INTO assay_data_validations(assay_validation_id, active_flag, expression, field_name, max_val, min_val, assaytype_id, assay_type,companyid,group_name,is_mandatory) VALUES (3, 'Y', 'NA', 'Gestational Age Days', 6, 0, 1, 'NIPTHTP',1,'data validation','NA');
INSERT INTO assay_data_validations(assay_validation_id, active_flag, expression, field_name, max_val, min_val, assaytype_id, assay_type,companyid,group_name,is_mandatory) VALUES (7, 'Y', 'NA', 'Egg Donor Age', 76, 12, 1, 'NIPTHTP',1,'data validation','NA');
INSERT INTO assay_data_validations(assay_validation_id, active_flag, expression, field_name, assaytype_id, assay_type,companyid,group_name,is_mandatory) VALUES (9, 'Y', 'NA', 'Comments', 1, 'NIPTHTP',1,'mandatory flag','false');
INSERT INTO assay_data_validations(assay_validation_id, active_flag, expression, field_name, assaytype_id, assay_type,companyid,group_name,is_mandatory) VALUES (10, 'Y', 'NA', 'Maternal age', 1, 'NIPTHTP',1,'mandatory flag','true');
INSERT INTO assay_data_validations(assay_validation_id, active_flag, expression, field_name, assaytype_id, assay_type,companyid,group_name,is_mandatory) VALUES (11, 'Y', 'NA', 'Gestational age', 1, 'NIPTHTP',1,'mandatory flag','true');
INSERT INTO assay_data_validations(assay_validation_id, active_flag, expression, field_name, assaytype_id, assay_type,companyid,group_name,is_mandatory) VALUES (12, 'Y', 'NA', 'IVF status', 1, 'NIPTHTP',1,'mandatory flag','true');
--INSERT INTO assay_data_validations(assay_validation_id, active_flag, expression, field_name, assaytype_id, assay_type,companyid,group_name,is_mandatory) VALUES (13, 'Y', 'NA', 'Egg Donor', 1, 'NIPTHTP',1,'mandatory flag','true');
--INSERT INTO assay_data_validations(assay_validation_id, active_flag, expression, field_name, assaytype_id, assay_type,companyid,group_name,is_mandatory) VALUES (14, 'Y', 'NA', 'Egg donor age', 1, 'NIPTHTP',1,'mandatory flag','true');
INSERT INTO assay_data_validations(assay_validation_id, active_flag, expression, field_name, assaytype_id, assay_type,companyid,group_name,is_mandatory) VALUES (15, 'Y', 'NA', 'Number of fetus', 1, 'NIPTHTP',1,'mandatory flag','true');
INSERT INTO assay_data_validations(assay_validation_id, active_flag, expression, field_name, assaytype_id, assay_type,companyid,group_name,is_mandatory) VALUES (16, 'Y', 'NA', 'First name', 1, 'NIPTHTP',1,'mandatory flag','true');
INSERT INTO assay_data_validations(assay_validation_id, active_flag, expression, field_name, assaytype_id, assay_type,companyid,group_name,is_mandatory) VALUES (17, 'Y', 'NA', 'Last name', 1, 'NIPTHTP',1,'mandatory flag','true');
INSERT INTO assay_data_validations(assay_validation_id, active_flag, expression, field_name, assaytype_id, assay_type,companyid,group_name,is_mandatory) VALUES (18, 'Y', 'NA', 'Medical record number', 1, 'NIPTHTP',1,'mandatory flag','true');
INSERT INTO assay_data_validations(assay_validation_id, active_flag, expression, field_name, assaytype_id, assay_type,companyid,group_name,is_mandatory) VALUES (19, 'Y', 'NA', 'DOB', 1, 'NIPTHTP',1,'mandatory flag','true');
INSERT INTO assay_data_validations(assay_validation_id, active_flag, expression, field_name, assaytype_id, assay_type,companyid,group_name,is_mandatory) VALUES (20, 'Y', 'NA', 'Referring clinician', 1, 'NIPTHTP',1,'mandatory flag','true');
INSERT INTO assay_data_validations(assay_validation_id, active_flag, expression, field_name, assaytype_id, assay_type,companyid,group_name,is_mandatory) VALUES (21, 'Y', 'NA', 'Laboratory ID', 1, 'NIPTHTP',1,'mandatory flag','true');
INSERT INTO assay_data_validations(assay_validation_id, active_flag, expression, field_name, assaytype_id, assay_type,companyid,group_name,is_mandatory) VALUES (22, 'Y', 'NA', 'Other clinician', 1, 'NIPTHTP',1,'mandatory flag','false');
INSERT INTO assay_data_validations(assay_validation_id, active_flag, expression, field_name, assaytype_id, assay_type,companyid,group_name,is_mandatory) VALUES (23, 'Y', 'NA', 'Clinic name', 1, 'NIPTHTP',1,'mandatory flag','false');
INSERT INTO assay_data_validations(assay_validation_id, active_flag, expression, field_name, assaytype_id, assay_type,companyid,group_name,is_mandatory) VALUES (24, 'Y', 'NA', 'Reason for Referral', 1, 'NIPTHTP',1,'mandatory flag','false');
INSERT INTO assay_data_validations(assay_validation_id, active_flag, expression, field_name, assaytype_id, assay_type,companyid,group_name,is_mandatory) VALUES (25, 'Y', 'NA', 'Account #', 1, 'NIPTHTP',1,'mandatory flag','false');

INSERT INTO assay_listdata(assay_listdata_id, active_flag, list_type, "value", assaytype_id, assay_type,companyid) VALUES (1, 'Y', 'ivf status', 'Yes', 1, 'NIPTHTP',1);
INSERT INTO assay_listdata(assay_listdata_id, active_flag, list_type, "value", assaytype_id, assay_type,companyid) VALUES (2, 'Y', 'ivf status', 'No', 1, 'NIPTHTP',1);
INSERT INTO assay_listdata(assay_listdata_id, active_flag, list_type, "value", assaytype_id, assay_type,companyid) VALUES (3, 'Y', 'ivf status', 'Missing', 1, 'NIPTHTP',1);
--INSERT INTO assay_listdata(assay_listdata_id, active_flag, list_type, "value", assaytype_id, assay_type,companyid) VALUES (4, 'Y', 'egg donor', 'No', 1, 'NIPTHTP',1);
INSERT INTO assay_listdata(assay_listdata_id, active_flag, list_type, "value", assaytype_id, assay_type,companyid) VALUES (4, 'Y', 'egg donor', 'Self', 1, 'NIPTHTP',1);
INSERT INTO assay_listdata(assay_listdata_id, active_flag, list_type, "value", assaytype_id, assay_type,companyid) VALUES (5, 'Y', 'egg donor', 'Non-self', 1, 'NIPTHTP',1);
INSERT INTO assay_listdata(assay_listdata_id, active_flag, list_type, "value", assaytype_id, assay_type,companyid) VALUES (6, 'Y', 'egg donor', 'Missing', 1, 'NIPTHTP',1);
INSERT INTO assay_listdata(assay_listdata_id, active_flag, list_type, "value", assaytype_id, assay_type,companyid) VALUES (7, 'Y', 'Number of Fetus', '1', 1, 'NIPTHTP',1);
INSERT INTO assay_listdata(assay_listdata_id, active_flag, list_type, "value", assaytype_id, assay_type,companyid) VALUES (8, 'Y', 'Number of Fetus', '2', 1, 'NIPTHTP',1);
--INSERT INTO assay_listdata(assay_listdata_id, active_flag, list_type, "value", assaytype_id, assay_type,companyid) VALUES (10, 'Y', 'Number of Fetus', '>2', 1, 'NIPTHTP',1);
--INSERT INTO assay_listdata(assay_listdata_id, active_flag, list_type, "value", assaytype_id, assay_type,companyid) VALUES (11, 'Y', 'Number of Fetus', 'Missing', 1, 'NIPTHTP',1);